time_s,reference_intensity,sample_intensity,dark_intensity
0.0,4010.0,4010.0,10.0
60.0,4010.0,3674.333209239896,10.0
120.0,4010.0,3394.9502694458606,10.0
180.0,4010.0,3160.5565524435983,10.0
240.0,4010.0,2962.487106601163,10.0
300.0,4010.0,2794.0193868673214,10.0
360.0,4010.0,2649.8827961499765,10.0
420.0,4010.0,2525.9042736772817,10.0
480.0,4010.0,2418.7491642278274,10.0
540.0,4010.0,2325.729644376527,10.0
600.0,4010.0,2244.661608090392,10.0
660.0,4010.0,2173.756695732093,10.0
720.0,4010.0,2111.540074804563,10.0
780.0,4010.0,2056.787276263509,10.0
840.0,4010.0,2008.4752627457685,10.0
900.0,4010.0,1965.7442199092623,10.0
960.0,4010.0,1927.8674948017326,10.0
1020.0,4010.0,1894.2277732705209,10.0
1080.0,4010.0,1864.2980714067633,10.0
1140.0,4010.0,1837.6264682551248,10.0
1200.0,4010.0,1813.8237660648447,10.0
1260.0,4010.0,1792.5534563912001,10.0
1320.0,4010.0,1773.5235137998998,10.0
1380.0,4010.0,1756.4796468552267,10.0
1440.0,4010.0,1741.1997178433335,10.0
1500.0,4010.0,1727.4891050455435,10.0
1560.0,4010.0,1715.1768292402814,10.0
1620.0,4010.0,1704.1123030700649,10.0
1680.0,4010.0,1694.1625906121703,10.0
1740.0,4010.0,1685.2100869059343,10.0
1800.0,4010.0,1677.150544786767,10.0
1860.0,4010.0,1669.8913902626298,10.0
1920.0,4010.0,1663.3502786795425,10.0
1980.0,4010.0,1657.453852695069,10.0
2040.0,4010.0,1652.1366700996473,10.0
2100.0,4010.0,1647.3402751695078,10.0
2160.0,4010.0,1643.0123917912802,10.0
2220.0,4010.0,1639.1062202920375,10.0
2280.0,4010.0,1635.57982291493,10.0
2340.0,4010.0,1632.3955853372865,10.0
2400.0,4010.0,1629.5197436433505,10.0
2460.0,4010.0,1626.9219678232942,10.0
2520.0,4010.0,1624.5749942417401,10.0
2580.0,4010.0,1622.4543006568022,10.0
2640.0,4010.0,1620.537818317963,10.0
2700.0,4010.0,1618.8056764626083,10.0
2760.0,4010.0,1617.2399751947116,10.0
2820.0,4010.0,1615.8245832876075,10.0
2880.0,4010.0,1614.5449579242904,10.0
2940.0,4010.0,1613.3879837881445,10.0
3000.0,4010.0,1612.341829256549,10.0
3060.0,4010.0,1611.3958177393913,10.0
3120.0,4010.0,1610.540312452271,10.0
3180.0,4010.0,1609.766613126824,10.0
3240.0,4010.0,1609.0668633436553,10.0
3300.0,4010.0,1608.4339673314487,10.0
3360.0,4010.0,1607.8615152127131,10.0
3420.0,4010.0,1607.3437157955034,10.0
3480.0,4010.0,1606.875336113975,10.0
3540.0,4010.0,1606.4516470109907,10.0
3600.0,4010.0,1606.0683741351158,10.0
